Algoritma,Akurasi
Logistic Regression,91.50485436893204
Random Forest,91.99029126213593
Gradient Boosting,93.20388349514563
ANN,93.44660194174757
SVM,93.20388349514563
XGBoost,92.71844660194175
